{
  "name": "angular-animate",
  "version": "1.5.11",
  "license": "MIT",
  "main": "./angular-animate.js",
  "ignore": [],
  "dependencies": {
    "angular": "1.5.11"
  },
  "homepage": "https://github.com/angular/bower-angular-animate",
  "_release": "1.5.11",
  "_resolution": {
    "type": "version",
    "tag": "v1.5.11",
    "commit": "ac17971fdc62d7ea816a079401084e6da2af3e3e"
  },
  "_source": "https://github.com/angular/bower-angular-animate.git",
  "_target": "~1.5.8",
  "_originalSource": "angular-animate"
}